,current_params,proposed_params,current_log_likelihood,proposed_log_likelihood,step_forward_log_probs,step_backward_log_probs,current_log_posterior,proposed_log_posterior,alpha,accepted
0,"[0.1, 0.1, 30000000000000.0]","[0.04511856047882062, 0.0030340001401124865, 32488673474094.35]",-1.2764258540237208e-24,-7487.815287709542,-26.847204559212045,-35.35037862827496,-1.2764258540237208e-24,-7487.815287709542,0.0,False
1,"[0.1, 0.1, 30000000000000.0]","[0.09013704901920065, 0.023082765713949446, 43476176376821.234]",-1.2764258540237208e-24,-18.96902662250714,-28.463555183432543,-31.373271417984704,-1.2764258540237208e-24,-18.96902662250714,3.1490728396128093e-10,False
2,"[0.1, 0.1, 30000000000000.0]","[0.04878395605762496, 0.05723232771443741, 35791541307259.44]",-1.2764258540237208e-24,-5935.825560798113,-27.642141588273834,-30.023241674647913,-1.2764258540237208e-24,-5935.825560798113,0.0,False
3,"[0.1, 0.1, 30000000000000.0]","[0.3569265326058212, 0.19746159423947604, 29421767890316.94]",-1.2764258540237208e-24,-291.9868371785632,-31.782742268662833,-33.958513787742945,-1.2764258540237208e-24,-291.9868371785632,1.765233904842037e-128,False
4,"[0.1, 0.1, 30000000000000.0]","[0.04451242115839587, 0.06576779731804408, 41668608953371.17]",-1.2764258540237208e-24,-9651.491059863894,-28.231609442965606,-30.461415103949577,-1.2764258540237208e-24,-9651.491059863894,0.0,False
