{
    "RMSE": 1.047057867050171, 
    "chain_1": {
        "fields": {
            "diverging": 0
        }, 
        "I_y": {
            "lower": 0.09913174882531166, 
            "mean": 0.10038372501730919, 
            "upper": 0.10173268616199493, 
            "tau": 3, 
            "param_accuracy": 0.38299020269838485
        }, 
        "I_z": {
            "lower": 0.10066406689584255, 
            "mean": 0.10221857205033302, 
            "upper": 0.10385926179587841, 
            "tau": 2, 
            "param_accuracy": 200.0
        }, 
        "Q": {
            "lower": 23180926569676.8, 
            "mean": 25612941000704.0, 
            "upper": 28637252917657.598, 
            "tau": 3, 
            "param_accuracy": 199.9999999999844
        }
    }, 
    "chain_2": {
        "fields": {
            "diverging": 0
        }, 
        "I_y": {
            "lower": 0.09907242693006993, 
            "mean": 0.10033051297068596, 
            "upper": 0.10154494009912014, 
            "tau": 2, 
            "param_accuracy": 0.3299676776990201
        }, 
        "I_z": {
            "lower": 0.10071963556110859, 
            "mean": 0.10225336253643036, 
            "upper": 0.10378360711038112, 
            "tau": 1, 
            "param_accuracy": 200.0
        }, 
        "Q": {
            "lower": 23283126134374.4, 
            "mean": 25821925343232.0, 
            "upper": 28653093650432.0, 
            "tau": 2, 
            "param_accuracy": 199.9999999999845
        }
    }, 
    "chain_3": {
        "fields": {
            "diverging": 0
        }, 
        "I_y": {
            "lower": 0.09914794936776161, 
            "mean": 0.10039937123656273, 
            "upper": 0.101697988063097, 
            "tau": 1, 
            "param_accuracy": 0.3985753389328582
        }, 
        "I_z": {
            "lower": 0.10082356557250023, 
            "mean": 0.10242396593093872, 
            "upper": 0.10409295037388802, 
            "tau": 2, 
            "param_accuracy": 200.0
        }, 
        "Q": {
            "lower": 22989509545164.8, 
            "mean": 25612524716032.0, 
            "upper": 28514228843315.2, 
            "tau": 2, 
            "param_accuracy": 199.9999999999844
        }
    }, 
    "overall": {
        "I_y": {
            "lower": 0.0996861919760704, 
            "mean": 0.10039438431461653, 
            "upper": 0.10107173137366772, 
            "tau": 2.0, 
            "param_accuracy": 99.60639184978622
        }, 
        "I_z": {
            "lower": 0.10138804775973162, 
            "mean": 0.10231239224473636, 
            "upper": 0.10324156209826468, 
            "tau": 1.6666666666666667, 
            "param_accuracy": -100.0
        }, 
        "Q": {
            "lower": 24243498822314.668, 
            "mean": 25742361143978.668, 
            "upper": 27420703640780.8, 
            "tau": 2.3333333333333335, 
            "param_accuracy": -99.99999999998445
        }
    }
}