{
    "RMSE": 0.05199205130338669, 
    "AIC": -244.3939208984375, 
    "BIC": -485.5065911944547, 
    "chain_1": {
        "fields": {
            "diverging": 0
        }, 
        "I_y": {
            "lower": 1.5267423331737517, 
            "mean": 1.6120936870574951, 
            "upper": 1.7049657464027406, 
            "tau": 5.417398311809047, 
            "param_accuracy": 2.734943471548121
        }, 
        "I_z": {
            "lower": 1.1949002683162688, 
            "mean": 1.1990835666656494, 
            "upper": 1.2034903943538666, 
            "tau": 4.697199886737245, 
            "param_accuracy": 4.3648792895912125
        }, 
        "Q": {
            "lower": 28585832357406.617, 
            "mean": 30135319232940.67, 
            "upper": 31820702075958.25, 
            "tau": 5.445858589877355, 
            "param_accuracy": 1.7300128904355405
        }
    }, 
    "chain_2": {
        "fields": {
            "diverging": 0
        }, 
        "I_y": {
            "lower": 1.5282339811325074, 
            "mean": 1.6134688258171082, 
            "upper": 1.707352739572525, 
            "tau": 6.170560813090833, 
            "param_accuracy": 3.0459261152362287
        }, 
        "I_z": {
            "lower": 1.194616013765335, 
            "mean": 1.1990483403205872, 
            "upper": 1.2033879339694977, 
            "tau": 3.8883232829303496, 
            "param_accuracy": 4.53265880856648
        }, 
        "Q": {
            "lower": 28610725164413.453, 
            "mean": 30162502527236.938, 
            "upper": 31863256931304.93, 
            "tau": 6.156011164736018, 
            "param_accuracy": 2.0775425690708067
        }
    }, 
    "chain_3": {
        "fields": {
            "diverging": 0
        }, 
        "I_y": {
            "lower": 1.525989305973053, 
            "mean": 1.614039123058319, 
            "upper": 1.708154171705246, 
            "tau": 5.309571087016856, 
            "param_accuracy": 3.1748967682121645
        }, 
        "I_z": {
            "lower": 1.1947732150554657, 
            "mean": 1.1989487409591675, 
            "upper": 1.2032179594039918, 
            "tau": 4.718084782001092, 
            "param_accuracy": 5.007040494197058
        }, 
        "Q": {
            "lower": 28581042170524.598, 
            "mean": 30170871019363.402, 
            "upper": 31854361891746.52, 
            "tau": 5.270677996975766, 
            "param_accuracy": 2.184531050587251
        }
    }, 
    "overall": {
        "I_y": {
            "lower": 1.5270152866840363, 
            "mean": 1.6131798028945923, 
            "upper": 1.7069833874702454, 
            "tau": 5.632510070638912, 
            "param_accuracy": 2.9805646294209787
        }, 
        "I_z": {
            "lower": 1.1947569668292999, 
            "mean": 1.199031412601471, 
            "upper": 1.2033621311187743, 
            "tau": 4.434535983889561, 
            "param_accuracy": 4.613283822761025
        }, 
        "Q": {
            "lower": 28594014286994.938, 
            "mean": 30157018899917.6, 
            "upper": 31848563075065.613, 
            "tau": 5.624182583863046, 
            "param_accuracy": 2.0074361566811136
        }
    }
}